Name	Completeness	Contamination	Completeness_Model_Used	Translation_Table_Used	Coding_Density	Contig_N50	Average_Gene_Length	Genome_Size	GC_Content	Total_Coding_Sequences	Additional_Notes
AH1_2nd_10:bin_000001.fa	99.83	1.69	Neural Network (Specific Model)	11	0.914	55389	309.83122568093387	2086798	0.37	2056	None
AH1_2nd_10:bin_000007.fa	97.46	0.68	Gradient Boost (General Model)	11	0.874	57797	319.54315659679406	3552238	0.29	3244	None
AH1_2nd_10:bin_000010.fa	97.32	2.0	Neural Network (Specific Model)	11	0.897	20277	282.97009165460685	1958824	0.33	2073	None
AH1_2nd_10:bin_000018.fa	96.23	3.71	Gradient Boost (General Model)	11	0.853	32453	322.4688419363466	4232890	0.38	3739	None
AH1_2nd_10:bin_000025.fa	97.43	0.0	Gradient Boost (General Model)	11	0.861	93991	318.88493253373315	2960016	0.29	2668	None
AH1_2nd_10:bin_000041.fa	90.68	1.49	Neural Network (Specific Model)	11	0.883	58034	354.3521640091116	2640019	0.58	2195	None
AH1_2nd_10:bin_000042.fa	87.85	1.27	Neural Network (Specific Model)	11	0.869	16864	316.9183673469388	2032758	0.55	1862	None
AH1_2nd_10:bin_000044.fa	88.86	0.53	Neural Network (Specific Model)	11	0.887	50545	322.6543321299639	3623272	0.48	3324	None
AH1_2nd_10:bin_000049.fa	93.25	0.19	Neural Network (Specific Model)	11	0.893	48078	371.1686779297399	4643085	0.47	3729	None
AH1_2nd_10:bin_000050.fa	95.37	3.69	Neural Network (Specific Model)	11	0.909	147698	400.3340481296164	5538675	0.43	4197	None
AH1_2nd_10:bin_000051.fa	89.58	5.99	Neural Network (Specific Model)	11	0.902	55563	368.36251960271824	4681892	0.48	3826	None
AH1_2nd_10:bin_000060.fa	75.68	2.72	Gradient Boost (General Model)	11	0.655	4612	279.5492513790386	1622419	0.36	1269	None
AH1_2nd_10:bin_000073.fa	62.58	1.02	Gradient Boost (General Model)	11	0.92	3151	235.03427265803504	1004026	0.48	1313	None
AH1_2nd_10:bin_000084.fa	77.76	0.82	Neural Network (Specific Model)	11	0.897	19612	355.08735398679534	2335170	0.6	1969	None
AH1_2nd_10:bin_000097.fa	80.11	3.09	Neural Network (Specific Model)	11	0.896	28405	361.39203354297695	4613140	0.43	3816	None
AH1_2nd_10:bin_000098.fa	63.94	6.02	Gradient Boost (General Model)	11	0.898	4434	293.67384353016416	4593587	0.48	4691	None
AH1_2nd_11:bin_000008.fa	100.0	0.12	Neural Network (Specific Model)	11	0.879	102060	358.0343587694766	3054831	0.58	2503	None
AH1_2nd_11:bin_000009.fa	100.0	1.76	Gradient Boost (General Model)	11	0.878	20017	294.7232191408374	1849363	0.41	1839	None
AH1_2nd_11:bin_000028.fa	88.14	0.38	Neural Network (Specific Model)	11	0.896	44790	386.2713260696253	4860292	0.45	3763	None
AH1_2nd_12:bin_000001.fa	100.0	0.96	Neural Network (Specific Model)	11	0.856	19843	274.53483992467045	3571928	0.41	3717	None
AH1_2nd_12:bin_000007.fa	96.36	0.02	Gradient Boost (General Model)	11	0.791	9187	304.9479368595957	4168486	0.32	3611	None
AH1_2nd_12:bin_000008.fa	99.92	0.2	Neural Network (Specific Model)	11	0.882	107577	299.1313181367691	2049859	0.38	2018	None
AH1_2nd_12:bin_000012.fa	99.99	0.07	Neural Network (Specific Model)	11	0.941	150769	332.0846394984326	1684795	0.36	1595	None
AH1_2nd_12:bin_000014.fa	98.27	1.75	Gradient Boost (General Model)	11	0.869	28124	311.20572537603107	4417854	0.41	4122	None
AH1_2nd_12:bin_000015.fa	100.0	7.76	Gradient Boost (General Model)	11	0.893	38970	304.1172358160796	3794096	0.31	3719	None
AH1_2nd_12:bin_000018.fa	90.51	1.51	Neural Network (Specific Model)	11	0.901	11251	340.2063606794362	3131665	0.6	2767	None
AH1_2nd_12:bin_000019.fa	94.31	3.04	Gradient Boost (General Model)	11	0.885	45877	315.88418530351436	4012826	0.38	3756	None
AH1_2nd_12:bin_000041.fa	92.57	0.18	Neural Network (Specific Model)	4	0.915	321458	346.6038374717833	1005235	0.27	886	None
AH1_2nd_12:bin_000056.fa	91.48	0.93	Gradient Boost (General Model)	11	0.841	8287	269.9744557329463	3309124	0.46	3445	None
AH1_2nd_12:bin_000059.fa	78.26	1.6	Neural Network (Specific Model)	11	0.914	3353	255.54821852731592	1763328	0.37	2105	None
AH1_2nd_12:bin_000063.fa	72.15	2.05	Gradient Boost (General Model)	11	0.858	5539	281.74978962131837	3506133	0.42	3565	None
AH1_2nd_13:bin_000004.fa	97.03	0.58	Gradient Boost (General Model)	11	0.892	116994	316.81849024597113	3761779	0.42	3537	None
AH1_2nd_13:bin_000011.fa	100.0	0.29	Gradient Boost (General Model)	11	0.879	93043	292.3102577059121	1970221	0.43	1979	None
AH1_2nd_13:bin_000029.fa	99.08	0.0	Gradient Boost (General Model)	11	0.84	73399	305.6800382043935	1140703	0.32	1047	None
AH1_2nd_13:bin_000049.fa	80.36	1.89	Gradient Boost (General Model)	11	0.836	53752	331.08162190626643	2254945	0.38	1899	None
AH1_2nd_14:bin_000003.fa	97.0	3.23	Gradient Boost (General Model)	11	0.894	70326	319.61375779162955	4811549	0.47	4492	None
AH1_2nd_14:bin_000014.fa	100.0	3.89	Gradient Boost (General Model)	11	0.895	14650	314.08359900814736	2967398	0.63	2823	None
AH1_2nd_14:bin_000015.fa	94.79	0.0	Gradient Boost (General Model)	11	0.824	251572	321.6086705202312	2023163	0.36	1730	None
AH1_2nd_14:bin_000020.fa	98.49	1.46	Gradient Boost (General Model)	11	0.842	81424	296.6471846044191	1480162	0.32	1403	None
AH1_2nd_14:bin_000027.fa	90.45	3.33	Gradient Boost (General Model)	11	0.893	9534	283.44706863017507	3418882	0.45	3599	None
AH1_2nd_14:bin_000032.fa	91.06	0.53	Gradient Boost (General Model)	11	0.825	20833	277.18504672897194	3226286	0.44	3210	None
AH1_2nd_14:bin_000047.fa	99.03	0.57	Neural Network (Specific Model)	11	0.904	36740	370.42457337883957	5393388	0.47	4395	None
AH1_2nd_14:bin_000052.fa	94.39	1.11	Neural Network (Specific Model)	11	0.899	73335	392.9615002483855	5272106	0.45	4026	None
AH1_2nd_14:bin_000063.fa	80.47	1.29	Neural Network (Specific Model)	11	0.892	6832	299.8125	3525566	0.44	3504	None
AH1_2nd_14:bin_000070.fa	64.96	4.95	Gradient Boost (General Model)	11	0.859	3265	251.9100191448628	2751131	0.6	3134	None
AH1_2nd_15:bin_000001.fa	100.0	0.07	Neural Network (Specific Model)	11	0.887	308186	318.81905781584584	5026045	0.59	4670	None
AH1_2nd_15:bin_000002.fa	99.8	0.87	Neural Network (Specific Model)	11	0.915	226379	319.0920336467095	2111746	0.37	2021	None
AH1_2nd_15:bin_000009.fa	99.88	1.83	Neural Network (Specific Model)	11	0.876	74078	336.0891928864569	4195409	0.51	3655	None
AH1_2nd_15:bin_000013.fa	94.68	4.13	Gradient Boost (General Model)	11	0.902	90257	330.2009911894273	3982738	0.49	3632	None
AH1_2nd_15:bin_000021.fa	93.44	0.18	Neural Network (Specific Model)	11	0.896	110082	346.000403551251	2867444	0.4	2478	None
AH1_2nd_15:bin_000025.fa	88.95	2.32	Neural Network (Specific Model)	11	0.882	29664	341.24287454323996	4757075	0.41	4105	None
AH1_2nd_15:bin_000043.fa	82.13	3.49	Neural Network (Specific Model)	11	0.912	45768	383.6543381535039	4533334	0.42	3596	None
AH1_2nd_15:bin_000050.fa	62.49	7.92	Neural Network (Specific Model)	11	0.85	2928	229.9636690647482	2252118	0.35	2780	None
AH1_2nd_16:bin_000020.fa	94.3	0.98	Gradient Boost (General Model)	11	0.843	13090	288.90568089154664	3775241	0.62	3679	None
AH1_2nd_16:bin_000023.fa	94.68	0.03	Gradient Boost (General Model)	11	0.843	194960	333.6658946149392	2046936	0.38	1727	None
AH1_2nd_16:bin_000025.fa	97.84	1.15	Gradient Boost (General Model)	11	0.865	23655	288.8233041575492	3656681	0.42	3656	None
AH1_2nd_16:bin_000044.fa	86.49	3.08	Gradient Boost (General Model)	11	0.902	6337	271.46067415730334	2566861	0.31	2848	None
AH1_2nd_16:bin_000045.fa	93.55	6.68	Neural Network (Specific Model)	11	0.89	54568	363.1997870830376	3445818	0.59	2818	None
AH1_2nd_16:bin_000047.fa	95.89	1.99	Neural Network (Specific Model)	11	0.894	62212	367.64080554638497	3732515	0.43	3029	None
AH1_2nd_16:bin_000058.fa	90.4	6.25	Neural Network (Specific Model)	11	0.901	22063	315.1101888358581	5045955	0.49	4819	None
AH1_2nd_16:bin_000064.fa	72.17	2.04	Gradient Boost (General Model)	11	0.891	8434	284.2877604166667	2200597	0.58	2304	None
AH1_2nd_16:bin_000096.fa	73.01	6.32	Gradient Boost (General Model)	11	0.887	4781	261.0414910858995	2719763	0.59	3085	None
AH1_2nd_16:bin_000100.fa	86.41	7.82	Neural Network (Specific Model)	11	0.891	14327	344.95623314665005	5590246	0.39	4821	None
AH1_2nd_16:bin_000104.fa	65.44	2.11	Gradient Boost (General Model)	11	0.892	4082	273.869206598586	2339720	0.44	2546	None
AH1_2nd_17:bin_000010.fa	98.11	0.06	Neural Network (Specific Model)	11	0.895	45741	335.39724727100145	2365004	0.44	2107	None
AH1_2nd_17:bin_000020.fa	88.93	6.17	Gradient Boost (General Model)	11	0.873	16870	320.946396965866	4354291	0.5	3955	None
AH1_2nd_17:bin_000023.fa	90.18	1.72	Gradient Boost (General Model)	11	0.893	60607	298.15056312981625	3372832	0.31	3374	None
AH1_2nd_17:bin_000030.fa	93.3	4.92	Neural Network (Specific Model)	11	0.891	43967	362.03961428199113	4673736	0.47	3837	None
AH1_2nd_17:bin_000038.fa	88.02	3.29	Neural Network (Specific Model)	11	0.9	11926	296.1619620546044	4258067	0.4	4322	None
AH1_2nd_18:bin_000013.fa	98.68	0.01	Neural Network (Specific Model)	11	0.895	146370	369.3664711330658	4005076	0.43	3239	None
AH1_2nd_18:bin_000024.fa	95.21	0.47	Neural Network (Specific Model)	11	0.9	82113	365.84006857702667	4975736	0.42	4083	None
AH1_2nd_18:bin_000033.fa	88.03	8.19	Gradient Boost (General Model)	11	0.894	5710	270.7018111254851	2804064	0.34	3092	None
AH1_2nd_18:bin_000039.fa	83.02	4.91	Neural Network (Specific Model)	11	0.911	11456	349.5023395721925	3438621	0.59	2992	None
AH1_2nd_18:bin_000040.fa	79.61	3.26	Neural Network (Specific Model)	11	0.874	5500	280.0939759036145	2790312	0.62	2905	None
AH1_2nd_18:bin_000047.fa	87.54	4.81	Neural Network (Specific Model)	11	0.891	31509	356.1402625820569	5473283	0.43	4570	None
AH1_2nd_18:bin_000052.fa	69.31	8.72	Neural Network (Specific Model)	11	0.904	5054	282.21491841491843	4012655	0.52	4290	None
AH1_2nd_19:bin_000001.fa	99.69	1.43	Neural Network (Specific Model)	11	0.879	128433	367.9171738555173	4736923	0.51	3779	None
AH1_2nd_19:bin_000005.fa	96.12	0.16	Neural Network (Specific Model)	11	0.876	40714	312.284786139686	3941649	0.42	3694	None
AH1_2nd_19:bin_000011.fa	97.26	0.04	Gradient Boost (General Model)	11	0.85	18659	318.95535714285717	3651753	0.61	3248	None
AH1_2nd_19:bin_000017.fa	92.81	4.49	Gradient Boost (General Model)	11	0.883	19970	332.13892792611927	5611813	0.47	4981	None
AH1_2nd_19:bin_000024.fa	98.2	2.44	Neural Network (Specific Model)	11	0.916	12945	294.76406101048616	2022010	0.35	2098	None
AH1_2nd_19:bin_000032.fa	99.23	0.22	Neural Network (Specific Model)	11	0.885	17295	339.46952965235175	2810221	0.58	2445	None
AH1_2nd_19:bin_000038.fa	94.63	0.0	Gradient Boost (General Model)	11	0.894	107144	349.1254705144291	932470	0.37	797	None
AH1_2nd_19:bin_000050.fa	85.94	0.42	Neural Network (Specific Model)	11	0.911	19094	312.89822294022616	2546628	0.47	2476	None
AH1_2nd_19:bin_000052.fa	92.76	0.0	Gradient Boost (General Model)	11	0.911	601029	364.5222072678331	889473	0.53	743	None
AH1_2nd_19:bin_000055.fa	92.5	6.69	Neural Network (Specific Model)	11	0.884	29056	362.2308692824626	5665524	0.45	4613	None
AH1_2nd_19:bin_000067.fa	84.28	7.85	Neural Network (Specific Model)	11	0.91	16530	372.61206733497255	6489524	0.41	5287	None
AH1_2nd_1:bin_000001.fa	99.56	1.94	Neural Network (Specific Model)	11	0.876	94260	379.18254649499283	4534617	0.51	3495	None
AH1_2nd_1:bin_000002.fa	99.43	1.56	Gradient Boost (General Model)	11	0.888	31743	318.9927958833619	3136092	0.57	2915	None
AH1_2nd_1:bin_000003.fa	99.99	0.07	Neural Network (Specific Model)	11	0.913	112750	296.28753680078506	1978925	0.36	2038	None
AH1_2nd_1:bin_000006.fa	98.52	4.38	Gradient Boost (General Model)	11	0.876	69171	315.07853535353536	4263353	0.44	3960	None
AH1_2nd_1:bin_000015.fa	96.63	0.56	Gradient Boost (General Model)	11	0.833	45778	309.78944348823865	3882618	0.33	3486	None
AH1_2nd_1:bin_000023.fa	96.3	2.29	Gradient Boost (General Model)	11	0.892	40669	334.73502811048644	4597358	0.49	4091	None
AH1_2nd_1:bin_000034.fa	99.87	4.44	Neural Network (Specific Model)	11	0.904	19031	291.18553123331554	3613398	0.36	3746	None
AH1_2nd_1:bin_000048.fa	84.38	2.52	Gradient Boost (General Model)	11	0.887	5669	298.67599219258295	3101586	0.52	3074	None
AH1_2nd_1:bin_000065.fa	69.26	2.46	Neural Network (Specific Model)	11	0.884	3282	247.5349214943151	1549163	0.44	1847	None
AH1_2nd_1:bin_000073.fa	54.83	4.98	Gradient Boost (General Model)	11	0.889	2966	237.6634948096886	1849948	0.32	2312	None
AH1_2nd_20:bin_000002.fa	99.51	1.6	Neural Network (Specific Model)	11	0.927	37998	310.1892036344201	1875282	0.32	1871	None
AH1_2nd_20:bin_000003.fa	99.96	0.36	Neural Network (Specific Model)	11	0.892	49346	299.74614976101964	1894420	0.35	1883	None
AH1_2nd_20:bin_000004.fa	99.98	0.43	Neural Network (Specific Model)	11	0.886	105245	329.76555023923447	3729496	0.42	3344	None
AH1_2nd_20:bin_000006.fa	94.89	2.88	Neural Network (Specific Model)	11	0.913	45105	367.47156626506023	5004971	0.44	4150	None
AH1_2nd_20:bin_000009.fa	99.89	0.52	Neural Network (Specific Model)	11	0.877	143244	312.4009420892214	3847790	0.42	3609	None
AH1_2nd_20:bin_000016.fa	97.49	3.86	Gradient Boost (General Model)	11	0.902	25608	301.93068068068067	4005468	0.37	3996	None
AH1_2nd_20:bin_000024.fa	98.62	0.52	Gradient Boost (General Model)	11	0.9	30366	299.43404808317086	1534181	0.42	1539	None
AH1_2nd_20:bin_000025.fa	88.46	1.42	Gradient Boost (General Model)	11	0.867	6930	279.22952268709486	3272540	0.26	3394	None
AH1_2nd_20:bin_000027.fa	98.81	0.59	Neural Network (Specific Model)	11	0.852	14779	326.64993978321957	2860044	0.61	2491	None
AH1_2nd_20:bin_000031.fa	96.33	0.08	Gradient Boost (General Model)	11	0.888	314472	342.4676674364896	998903	0.4	866	None
AH1_2nd_20:bin_000037.fa	97.18	5.51	Gradient Boost (General Model)	11	0.894	17300	298.3343143025309	1699003	0.41	1699	None
AH1_2nd_20:bin_000040.fa	90.22	4.0	Gradient Boost (General Model)	11	0.847	14728	310.6705217859064	4085771	0.59	3718	None
AH1_2nd_20:bin_000041.fa	88.1	1.89	Gradient Boost (General Model)	11	0.915	14227	294.04595791805093	1736201	0.42	1806	None
AH1_2nd_20:bin_000042.fa	91.31	5.46	Gradient Boost (General Model)	11	0.896	44943	340.55637349864395	5875218	0.49	5162	None
AH1_2nd_20:bin_000046.fa	89.38	0.37	Gradient Boost (General Model)	11	0.833	6697	299.5148830616584	3040921	0.62	2822	None
AH1_2nd_20:bin_000053.fa	93.62	1.27	Gradient Boost (General Model)	11	0.871	32855	307.60224538893345	1319963	0.3	1247	None
AH1_2nd_20:bin_000073.fa	89.73	6.13	Neural Network (Specific Model)	11	0.872	8903	276.8352974186308	3388304	0.37	3564	None
AH1_2nd_20:bin_000075.fa	79.67	2.62	Gradient Boost (General Model)	11	0.832	4251	267.89479553903345	2595416	0.62	2690	None
AH1_2nd_20:bin_000087.fa	89.7	1.53	Neural Network (Specific Model)	11	0.912	61337	387.63987770255517	5833415	0.45	4579	None
AH1_2nd_20:bin_000089.fa	78.99	0.34	Gradient Boost (General Model)	11	0.873	34207	301.58521739130435	1190393	0.28	1150	None
AH1_2nd_2:bin_000001.fa	99.41	0.73	Neural Network (Specific Model)	11	0.883	162601	341.2842750766535	2643655	0.42	2283	None
AH1_2nd_2:bin_000003.fa	96.26	0.57	Gradient Boost (General Model)	11	0.891	66630	317.8776111408677	3986897	0.46	3734	None
AH1_2nd_2:bin_000018.fa	92.67	0.4	Neural Network (Specific Model)	11	0.875	111820	308.96666666666664	1904361	0.5	1800	None
AH1_2nd_2:bin_000034.fa	93.82	0.0	Gradient Boost (General Model)	11	0.911	233259	355.7859078590786	862378	0.56	738	None
AH1_2nd_2:bin_000049.fa	60.3	1.36	Gradient Boost (General Model)	11	0.885	2409	244.91435185185185	716478	0.31	864	None
AH1_2nd_5:bin_000001.fa	97.03	0.81	Gradient Boost (General Model)	11	0.845	33241	290.05140334279406	3258422	0.51	3171	None
AH1_2nd_5:bin_000002.fa	99.59	0.04	Neural Network (Specific Model)	11	0.889	83384	367.08619505494505	3603552	0.45	2912	None
AH1_2nd_5:bin_000004.fa	99.96	1.56	Neural Network (Specific Model)	11	0.876	46049	311.5943325876212	2855087	0.51	2682	None
AH1_2nd_5:bin_000005.fa	95.28	4.13	Gradient Boost (General Model)	11	0.832	17231	282.8224426293271	5234436	0.38	5142	None
AH1_2nd_5:bin_000006.fa	99.59	0.21	Gradient Boost (General Model)	11	0.899	117399	312.15187021180714	2308236	0.47	2219	None
AH1_2nd_5:bin_000016.fa	99.99	1.84	Neural Network (Specific Model)	11	0.853	71037	299.75941136208075	3075410	0.38	2922	None
AH1_2nd_5:bin_000023.fa	99.92	4.0	Neural Network (Specific Model)	11	0.902	45061	339.3372727272727	4954971	0.45	4400	None
AH1_2nd_5:bin_000037.fa	93.35	7.74	Gradient Boost (General Model)	11	0.867	8423	283.98051461403946	3923478	0.58	4003	None
AH1_2nd_5:bin_000054.fa	86.35	3.24	Neural Network (Specific Model)	11	0.914	59708	392.4909529553679	5336241	0.43	4145	None
AH1_2nd_5:bin_000069.fa	88.2	0.1	Neural Network (Specific Model)	11	0.91	14591	354.56355320173327	4851364	0.43	4154	None
AH1_2nd_6:bin_000003.fa	94.68	0.04	Neural Network (Specific Model)	11	0.86	130514	292.6139705882353	2494151	0.4	2448	None
AH1_2nd_6:bin_000004.fa	99.38	0.74	Neural Network (Specific Model)	11	0.93	117519	310.81447963800906	1766812	0.37	1768	None
AH1_2nd_6:bin_000024.fa	97.74	0.16	Gradient Boost (General Model)	11	0.904	55694	316.8971041281577	1702627	0.38	1623	None
AH1_2nd_6:bin_000031.fa	83.48	5.12	Neural Network (Specific Model)	11	0.887	12308	292.8642143505904	2178648	0.61	2202	None
AH1_2nd_6:bin_000037.fa	76.84	0.18	Neural Network (Specific Model)	11	0.886	6611	317.0533070088845	2171700	0.46	2026	None
AH1_2nd_6:bin_000058.fa	73.44	1.39	Neural Network (Specific Model)	11	0.89	3090	265.0342890925214	3016067	0.38	3383	None
AH1_2nd_6:bin_000060.fa	78.68	7.01	Gradient Boost (General Model)	11	0.895	5593	278.22141212586337	2425743	0.6	2606	None
AH1_2nd_6:bin_000062.fa	81.97	4.4	Neural Network (Specific Model)	11	0.868	7566	294.88110324263886	2730730	0.39	2683	None
AH1_2nd_7:bin_000004.fa	97.93	0.49	Gradient Boost (General Model)	11	0.904	76751	339.4191489361702	4224453	0.49	3760	None
AH1_2nd_7:bin_000005.fa	100.0	0.34	Gradient Boost (General Model)	11	0.902	160762	318.16157388028466	2523006	0.44	2389	None
AH1_2nd_7:bin_000010.fa	99.7	0.09	Gradient Boost (General Model)	11	0.874	68176	295.54677754677755	1948313	0.38	1924	None
AH1_2nd_7:bin_000011.fa	98.43	0.34	Gradient Boost (General Model)	11	0.888	100426	322.39717500598516	4543197	0.45	4177	None
AH1_2nd_7:bin_000015.fa	100.0	0.49	Gradient Boost (General Model)	11	0.878	70679	296.20901408450703	1794016	0.43	1775	None
AH1_2nd_7:bin_000017.fa	99.74	0.14	Neural Network (Specific Model)	11	0.838	501199	324.64644487932156	1778361	0.33	1533	None
AH1_2nd_7:bin_000023.fa	97.41	2.19	Gradient Boost (General Model)	11	0.878	67219	320.360039893617	3287109	0.31	3008	None
AH1_2nd_7:bin_000028.fa	99.82	0.01	Neural Network (Specific Model)	11	0.923	383200	312.7368421052632	1541163	0.32	1520	None
AH1_2nd_7:bin_000036.fa	96.79	6.89	Gradient Boost (General Model)	11	0.894	13784	305.3308970099668	3079226	0.59	3010	None
AH1_2nd_7:bin_000038.fa	91.67	4.31	Gradient Boost (General Model)	11	0.782	7507	261.24948875255626	2931073	0.49	2934	None
AH1_2nd_7:bin_000041.fa	91.43	8.91	Gradient Boost (General Model)	11	0.866	10721	317.9899871630295	4282933	0.47	3895	None
AH1_2nd_7:bin_000055.fa	91.57	0.15	Neural Network (Specific Model)	4	0.875	27108	319.84597156398104	923350	0.28	844	None
AH1_2nd_7:bin_000060.fa	76.97	3.7	Neural Network (Specific Model)	11	0.886	3853	255.53757053757053	2907989	0.48	3367	None
AH1_2nd_7:bin_000065.fa	93.71	2.1	Neural Network (Specific Model)	11	0.903	36702	362.6175462645648	5263338	0.43	4377	None
AH1_2nd_7:bin_000070.fa	78.05	3.55	Gradient Boost (General Model)	11	0.852	4507	297.6360166551006	3014076	0.63	2882	None
AH1_2nd_7:bin_000083.fa	52.66	0.11	Gradient Boost (General Model)	11	0.903	4534	270.6378979670119	2337760	0.46	2607	None
AH1_2nd_8:bin_000006.fa	100.0	0.12	Neural Network (Specific Model)	11	0.901	58588	328.19386532470645	4549788	0.41	4173	None
AH1_2nd_8:bin_000007.fa	98.69	1.49	Gradient Boost (General Model)	11	0.902	74598	308.6380510440835	3532503	0.36	3448	None
AH1_2nd_8:bin_000020.fa	99.61	0.0	Gradient Boost (General Model)	11	0.854	64168	308.4237288135593	892810	0.36	826	None
AH1_2nd_8:bin_000027.fa	100.0	8.32	Neural Network (Specific Model)	11	0.894	22688	296.5889840881273	4055280	0.38	4085	None
AH1_2nd_8:bin_000051.fa	88.6	4.84	Neural Network (Specific Model)	11	0.908	34827	380.0289584306399	5370013	0.42	4282	None
AH1_2nd_8:bin_000056.fa	99.86	6.93	Gradient Boost (General Model)	11	0.898	17735	355.452088922959	6187276	0.43	5218	None
AH1_2nd_9:bin_000002.fa	99.94	1.26	Neural Network (Specific Model)	11	0.892	61515	357.66208914903194	5338612	0.43	4442	None
AH1_2nd_9:bin_000015.fa	99.04	0.0	Neural Network (Specific Model)	11	0.804	21128	308.96145124716554	3043039	0.61	2646	None
AH1_2nd_9:bin_000023.fa	90.47	0.03	Gradient Boost (General Model)	11	0.892	9317	299.5937721160651	1418599	0.42	1413	None
AH1_2nd_9:bin_000025.fa	93.42	0.6	Gradient Boost (General Model)	11	0.855	43286	305.01433241136533	4247683	0.33	3977	None
AH1_2nd_9:bin_000034.fa	92.76	10.03	Gradient Boost (General Model)	11	0.871	9867	274.8035925313165	3998212	0.4	4231	None
AH1_2nd_9:bin_000035.fa	94.87	2.52	Neural Network (Specific Model)	11	0.86	38368	327.94278416347385	4469702	0.42	3915	None
AH1_2nd_9:bin_000037.fa	91.96	0.4	Neural Network (Specific Model)	11	0.87	137688	324.0781020365316	5316981	0.54	4763	None
AH1_2nd_9:bin_000058.fa	57.72	6.54	Gradient Boost (General Model)	11	0.888	2650	244.38800489596082	2019062	0.57	2451	None
LI1_2nd_10:bin_000001.fa	100.0	4.87	Gradient Boost (General Model)	11	0.877	115077	295.594880225458	4298952	0.39	4258	None
LI1_2nd_10:bin_000017.fa	98.4	0.12	Neural Network (Specific Model)	11	0.906	822877	336.36745138178094	1084890	0.31	977	None
LI1_2nd_1:bin_000006.fa	98.0	0.43	Gradient Boost (General Model)	11	0.85	45562	294.7298990602158	2984241	0.43	2873	None
LI1_2nd_1:bin_000022.fa	96.36	1.69	Gradient Boost (General Model)	11	0.844	12264	290.8893129770992	1351632	0.29	1310	None
LI1_2nd_1:bin_000052.fa	83.85	7.54	Gradient Boost (General Model)	11	0.869	4976	241.08837408837408	1933783	0.3	2331	None
LI1_2nd_1:bin_000063.fa	67.11	1.75	Neural Network (Specific Model)	4	0.929	4647	267.44144144144144	477978	0.23	555	None
LI1_2nd_2:bin_000004.fa	99.47	2.43	Neural Network (Specific Model)	11	0.906	153699	307.27756653992395	3739688	0.55	3682	None
LI1_2nd_2:bin_000006.fa	96.86	0.0	Gradient Boost (General Model)	11	0.885	99712	295.82482124616956	1959474	0.41	1958	None
LI1_2nd_2:bin_000007.fa	97.07	0.56	Gradient Boost (General Model)	11	0.895	101322	304.15966386554624	2782780	0.39	2737	None
LI1_2nd_2:bin_000027.fa	95.27	9.55	Gradient Boost (General Model)	11	0.895	81148	283.5139393939394	1564966	0.3	1650	None
LI1_2nd_2:bin_000030.fa	91.59	1.86	Gradient Boost (General Model)	11	0.906	12691	270.8564631245044	1128677	0.28	1261	None
LI1_2nd_3:bin_000003.fa	96.3	0.42	Neural Network (Specific Model)	11	0.876	52138	348.3700316567007	3386630	0.6	2843	None
LI1_2nd_3:bin_000005.fa	98.29	0.15	Neural Network (Specific Model)	11	0.819	40720	319.7676056338028	1827182	0.34	1562	None
LI1_2nd_3:bin_000007.fa	99.84	1.24	Gradient Boost (General Model)	11	0.893	35303	309.61364279649024	3665262	0.36	3533	None
LI1_2nd_3:bin_000015.fa	91.72	3.54	Neural Network (Specific Model)	11	0.838	9923	268.6169590643275	2956427	0.32	3078	None
LI1_2nd_3:bin_000017.fa	94.8	4.4	Gradient Boost (General Model)	11	0.883	74945	295.28555858310625	1837342	0.29	1835	None
LI1_2nd_4:bin_000001.fa	93.54	0.0	Gradient Boost (General Model)	11	0.838	82578	323.0986945169713	2211504	0.45	1915	None
LI1_2nd_4:bin_000010.fa	95.27	1.7	Neural Network (Specific Model)	11	0.893	86311	360.2119769481333	4821514	0.47	3991	None
LI1_2nd_4:bin_000019.fa	93.87	10.77	Neural Network (Specific Model)	11	0.873	4700	267.12839285714284	5131163	0.61	5600	None
LI1_2nd_4:bin_000022.fa	95.22	0.65	Gradient Boost (General Model)	11	0.809	24377	300.1014851485148	1794102	0.33	1616	None
LI1_2nd_4:bin_000024.fa	91.5	1.28	Gradient Boost (General Model)	11	0.873	12934	302.53548759376804	1799576	0.41	1733	None
LI1_2nd_4:bin_000035.fa	99.13	5.72	Neural Network (Specific Model)	11	0.909	126851	386.05660714285716	7127005	0.43	5600	None
LI1_2nd_4:bin_000036.fa	97.43	0.06	Neural Network (Specific Model)	11	0.909	106988	353.6770293609672	4047116	0.4	3474	None
LI1_2nd_4:bin_000037.fa	88.85	7.57	Gradient Boost (General Model)	11	0.886	29697	278.61702725484685	3346926	0.31	3559	None
LI1_2nd_4:bin_000041.fa	82.29	2.43	Gradient Boost (General Model)	11	0.886	10630	302.7522854615158	3468101	0.46	3391	None
LI1_2nd_4:bin_000045.fa	83.46	0.03	Gradient Boost (General Model)	11	0.887	3419	255.243006993007	1971707	0.48	2288	None
LI1_2nd_4:bin_000063.fa	69.08	10.36	Gradient Boost (General Model)	11	0.902	4557	278.34791122715404	4246888	0.55	4596	None
LI1_2nd_4:bin_000071.fa	83.01	3.52	Gradient Boost (General Model)	11	0.91	5560	278.71954964176047	3582906	0.49	3908	None
LI1_2nd_4:bin_000074.fa	70.11	11.56	Neural Network (Specific Model)	11	0.87	76226	282.6836115326252	2565653	0.28	2636	None
LI1_2nd_5:bin_000007.fa	96.49	2.75	Gradient Boost (General Model)	11	0.904	100837	312.5002683843264	3855602	0.43	3726	None
LI1_2nd_5:bin_000023.fa	98.63	0.09	Gradient Boost (General Model)	11	0.937	246231	336.4855708908407	855688	0.29	797	None
LI1_2nd_5:bin_000026.fa	98.34	0.04	Gradient Boost (General Model)	11	0.897	87003	327.6598322460391	1174432	0.34	1073	None
LI1_2nd_5:bin_000031.fa	96.86	0.27	Gradient Boost (General Model)	11	0.898	96414	335.35494880546077	1312032	0.31	1172	None
LI1_2nd_5:bin_000032.fa	97.79	0.65	Gradient Boost (General Model)	11	0.876	158912	303.179806362379	1498863	0.36	1446	None
LI1_2nd_5:bin_000037.fa	94.1	1.58	Neural Network (Specific Model)	11	0.899	93094	362.46954403063	3473816	0.37	2873	None
LI1_2nd_5:bin_000073.fa	66.35	7.26	Gradient Boost (General Model)	11	0.875	4847	254.82366863905327	1472823	0.29	1690	None
LI1_2nd_6:bin_000001.fa	100.0	0.89	Neural Network (Specific Model)	11	0.875	81138	297.2566789971229	4946948	0.52	4866	None
LI1_2nd_6:bin_000026.fa	61.9	3.19	Gradient Boost (General Model)	11	0.893	3237	275.90691977954685	1510582	0.47	1633	None
LI1_2nd_7:bin_000001.fa	98.33	1.37	Gradient Boost (General Model)	11	0.822	46376	285.4661733615222	3938038	0.28	3784	None
LI1_2nd_7:bin_000005.fa	98.42	0.2	Gradient Boost (General Model)	11	0.904	98831	337.8255384615385	3639047	0.48	3250	None
LI1_2nd_7:bin_000009.fa	96.58	2.03	Gradient Boost (General Model)	11	0.879	29562	315.0845537441282	3886582	0.53	3619	None
LI1_2nd_7:bin_000011.fa	99.87	1.99	Neural Network (Specific Model)	11	0.895	82362	311.2478585244543	3766910	0.42	3619	None
LI1_2nd_7:bin_000012.fa	99.56	0.13	Neural Network (Specific Model)	11	0.88	141336	344.23057216054656	2744437	0.56	2342	None
LI1_2nd_7:bin_000014.fa	97.46	0.0	Gradient Boost (General Model)	11	0.907	84038	331.28729281767954	2178740	0.52	1991	None
LI1_2nd_7:bin_000016.fa	100.0	1.8	Neural Network (Specific Model)	11	0.881	60807	296.5108245048365	4373704	0.39	4342	None
LI1_2nd_7:bin_000019.fa	94.13	3.42	Neural Network (Specific Model)	11	0.885	25365	346.4586737145603	4880807	0.47	4162	None
LI1_2nd_7:bin_000020.fa	96.56	3.06	Gradient Boost (General Model)	11	0.872	23756	289.7356884992264	3857308	0.46	3878	None
LI1_2nd_7:bin_000033.fa	86.92	2.87	Gradient Boost (General Model)	11	0.88	6767	278.02919708029196	2594171	0.62	2740	None
LI1_2nd_7:bin_000038.fa	92.22	4.29	Neural Network (Specific Model)	11	0.9	7101	318.82823392718825	5480888	0.46	5164	None
LI1_2nd_7:bin_000045.fa	84.4	3.37	Gradient Boost (General Model)	11	0.837	4816	253.11908097506304	3230173	0.48	3569	None
LI1_2nd_7:bin_000051.fa	100.0	0.63	Gradient Boost (General Model)	11	0.898	63312	335.0914570230608	4263926	0.43	3816	None
LI1_2nd_7:bin_000053.fa	94.21	1.99	Neural Network (Specific Model)	11	0.897	104559	396.1693134620083	5415473	0.4	4093	None
LI1_2nd_7:bin_000056.fa	81.7	1.96	Gradient Boost (General Model)	11	0.845	3113	261.0112517580872	1973981	0.31	2133	None
LI1_2nd_7:bin_000058.fa	72.07	0.72	Gradient Boost (General Model)	11	0.872	4256	257.5953510436433	1865227	0.55	2108	None
LI1_2nd_7:bin_000060.fa	90.87	1.93	Gradient Boost (General Model)	4	0.853	82237	266.31732580037664	992058	0.23	1062	None
LI1_2nd_7:bin_000064.fa	87.47	3.51	Neural Network (Specific Model)	11	0.867	6473	283.63662406346407	4446006	0.35	4538	None
LI1_2nd_7:bin_000074.fa	85.29	2.53	Neural Network (Specific Model)	11	0.884	46659	312.3914680050188	4218869	0.51	3985	None
LI1_2nd_7:bin_000076.fa	68.33	1.14	Gradient Boost (General Model)	11	0.795	3301	262.45739789018126	3652187	0.32	3697	None
LI1_2nd_7:bin_000082.fa	64.28	0.83	Neural Network (Specific Model)	11	0.872	6202	272.03225806451616	1910303	0.61	2046	None
LI1_2nd_7:bin_000083.fa	71.38	5.46	Gradient Boost (General Model)	11	0.876	4653	273.8322784810127	2959607	0.63	3160	None
LI1_2nd_8:bin_000001.fa	100.0	0.34	Neural Network (Specific Model)	11	0.849	143968	318.68286296188535	3863558	0.51	3437	None
LI1_2nd_8:bin_000006.fa	92.24	0.64	Neural Network (Specific Model)	11	0.888	59973	335.6606883179835	2336258	0.58	2063	None
LI1_2nd_8:bin_000016.fa	96.02	1.33	Neural Network (Specific Model)	11	0.822	39277	336.1460385438972	2860577	0.56	2335	None
LI1_2nd_8:bin_000019.fa	95.8	0.05	Gradient Boost (General Model)	11	0.84	163472	324.9205633802817	2058347	0.38	1775	None
LI1_2nd_8:bin_000030.fa	94.89	2.06	Neural Network (Specific Model)	11	0.906	7336	288.18279158699806	2492043	0.54	2615	None
LI1_2nd_8:bin_000033.fa	86.27	5.05	Gradient Boost (General Model)	11	0.87	7825	261.3230283911672	2850502	0.54	3170	None
LI1_2nd_8:bin_000035.fa	91.13	0.14	Neural Network (Specific Model)	11	0.861	82722	323.5069796954315	3549625	0.32	3152	None
LI1_2nd_8:bin_000044.fa	80.13	3.35	Gradient Boost (General Model)	11	0.853	4269	256.7077126779212	2723215	0.62	3021	None
LI1_2nd_8:bin_000045.fa	93.54	0.25	Neural Network (Specific Model)	4	0.919	226595	349.84046242774565	986221	0.27	865	None
LI1_2nd_8:bin_000047.fa	83.55	0.91	Gradient Boost (General Model)	11	0.904	3686	260.10445370073694	2687559	0.29	3121	None
LI1_2nd_8:bin_000064.fa	93.23	7.74	Neural Network (Specific Model)	11	0.902	22631	359.1863974001857	5140192	0.45	4308	None
LI1_2nd_8:bin_000065.fa	77.64	2.17	Gradient Boost (General Model)	11	0.877	5723	299.6966335118592	2673184	0.49	2614	None
LI1_2nd_8:bin_000066.fa	65.73	1.7	Neural Network (Specific Model)	11	0.897	3272	234.5738255033557	1632138	0.42	2086	None
LI1_2nd_8:bin_000070.fa	83.85	2.45	Neural Network (Specific Model)	11	0.917	19394	373.24730588560374	4412107	0.45	3619	None
LI1_2nd_8:bin_000077.fa	80.07	2.15	Neural Network (Specific Model)	11	0.908	9301	342.2913273615635	5547127	0.44	4912	None
LI1_2nd_9:bin_000002.fa	99.8	1.2	Neural Network (Specific Model)	11	0.92	156167	320.10687022900765	2321405	0.37	2227	None
LI1_2nd_9:bin_000004.fa	99.97	0.53	Neural Network (Specific Model)	11	0.911	85225	304.1728454501685	2076507	0.35	2077	None
LI1_2nd_9:bin_000022.fa	91.52	0.96	Neural Network (Specific Model)	11	0.857	10742	271.1593200806684	3288522	0.57	3471	None
LI1_2nd_9:bin_000023.fa	89.2	9.24	Gradient Boost (General Model)	11	0.899	6138	279.07	4276311	0.43	4600	None
LI1_2nd_9:bin_000032.fa	84.85	3.18	Gradient Boost (General Model)	11	0.896	5377	262.585409252669	1480478	0.42	1686	None
AH1_2nd_10:bin_000009.fa	97.93	0.61	Gradient Boost (General Model)	11	0.83	47087	324.8810559006211	3772750	0.51	3220	None
AH1_2nd_10:bin_000040.fa	87.07	3.23	Gradient Boost (General Model)	11	0.799	7068	276.2918439716312	2918899	0.42	2820	None
AH1_2nd_10:bin_000069.fa	86.62	0.25	Neural Network (Specific Model)	11	0.893	27180	361.68349418460775	4903046	0.48	4041	None
AH1_2nd_10:bin_000096.fa	56.5	0.86	Gradient Boost (General Model)	11	0.886	3358	273.7364554637282	3019544	0.48	3267	None
AH1_2nd_11:bin_000004.fa	94.37	0.67	Gradient Boost (General Model)	11	0.904	54109	341.39251112856766	4319305	0.48	3819	None
AH1_2nd_11:bin_000005.fa	100.0	0.42	Neural Network (Specific Model)	11	0.89	72506	313.56088672942604	3475684	0.3	3293	None
AH1_2nd_12:bin_000009.fa	99.96	0.64	Neural Network (Specific Model)	11	0.893	80105	356.2098765432099	3677634	0.57	3078	None
AH1_2nd_12:bin_000044.fa	97.19	1.1	Neural Network (Specific Model)	11	0.91	135477	363.34792340213875	4811608	0.45	4021	None
AH1_2nd_13:bin_000025.fa	96.82	0.0	Gradient Boost (General Model)	11	0.892	133601	319.15928270042195	2030500	0.41	1896	None
AH1_2nd_13:bin_000037.fa	95.91	1.8	Neural Network (Specific Model)	11	0.897	33115	373.14811542991754	4234862	0.44	3396	None
AH1_2nd_13:bin_000050.fa	83.17	3.78	Gradient Boost (General Model)	11	0.856	5482	266.14246575342463	2378744	0.47	2555	None
AH1_2nd_13:bin_000055.fa	96.79	1.55	Neural Network (Specific Model)	11	0.893	62227	354.8333759263992	4657420	0.43	3913	None
AH1_2nd_14:bin_000005.fa	97.06	0.82	Gradient Boost (General Model)	11	0.852	62536	308.65847598012147	3930509	0.3	3622	None
AH1_2nd_15:bin_000004.fa	97.8	1.81	Gradient Boost (General Model)	11	0.903	54287	326.9809307604994	4777286	0.42	4405	None
AH1_2nd_16:bin_000008.fa	98.39	0.14	Gradient Boost (General Model)	11	0.877	60089	307.4353483328815	3874322	0.28	3689	None
AH1_2nd_16:bin_000011.fa	92.48	0.36	Neural Network (Specific Model)	11	0.886	50975	300.9633312616532	3276013	0.31	3218	None
AH1_2nd_16:bin_000018.fa	95.95	0.3	Gradient Boost (General Model)	11	0.872	537135	345.83706467661693	1909748	0.37	1608	None
AH1_2nd_16:bin_000019.fa	99.57	1.75	Neural Network (Specific Model)	11	0.879	51212	341.43921731890094	2795262	0.6	2402	None
AH1_2nd_16:bin_000033.fa	94.87	3.04	Neural Network (Specific Model)	11	0.874	46086	350.1605691056911	4131992	0.46	3444	None
AH1_2nd_16:bin_000103.fa	56.49	0.58	Gradient Boost (General Model)	11	0.846	6706	283.34522176497484	2191455	0.5	2187	None
AH1_2nd_17:bin_000015.fa	94.91	5.75	Gradient Boost (General Model)	11	0.901	57478	312.50212765957446	3661129	0.4	3525	None
AH1_2nd_17:bin_000019.fa	97.13	1.43	Gradient Boost (General Model)	11	0.877	27053	280.78287632904306	1712641	0.29	1787	None
AH1_2nd_17:bin_000029.fa	100.0	5.48	Neural Network (Specific Model)	11	0.893	60549	310.7574478649454	4195312	0.38	4028	None
AH1_2nd_17:bin_000040.fa	82.56	3.61	Gradient Boost (General Model)	11	0.88	9958	299.12609970674487	2775338	0.39	2728	None
AH1_2nd_18:bin_000011.fa	98.37	7.24	Gradient Boost (General Model)	11	0.895	51275	305.9802393543	3675733	0.3	3593	None
AH1_2nd_18:bin_000041.fa	88.93	0.07	Neural Network (Specific Model)	11	0.887	19665	335.2506861848124	3713036	0.47	3279	None
AH1_2nd_19:bin_000031.fa	94.11	1.91	Neural Network (Specific Model)	11	0.889	21321	309.564	3912449	0.37	3750	None
AH1_2nd_19:bin_000037.fa	94.43	3.99	Neural Network (Specific Model)	11	0.899	12079	297.06789036962533	3934672	0.45	3977	None
AH1_2nd_19:bin_000043.fa	87.06	0.92	Gradient Boost (General Model)	11	0.9	8611	311.611646418098	2475506	0.52	2387	None
AH1_2nd_19:bin_000053.fa	83.11	3.66	Gradient Boost (General Model)	11	0.907	6090	292.14996154832096	3763650	0.44	3901	None
AH1_2nd_19:bin_000072.fa	72.81	6.04	Neural Network (Specific Model)	11	0.912	3760	295.2588592642592	2872249	0.45	2963	None
AH1_2nd_19:bin_000077.fa	54.56	3.56	Gradient Boost (General Model)	11	0.885	2781	248.87308697275103	2255163	0.54	2679	None
AH1_2nd_1:bin_000005.fa	99.98	0.17	Neural Network (Specific Model)	11	0.887	98035	338.1014724711908	3566889	0.47	3124	None
AH1_2nd_1:bin_000028.fa	97.99	0.0	Gradient Boost (General Model)	11	0.904	89702	308.2860262008734	935376	0.28	916	None
AH1_2nd_1:bin_000039.fa	99.53	0.1	Neural Network (Specific Model)	11	0.902	136854	374.174437044085	3918820	0.44	3153	None
AH1_2nd_20:bin_000008.fa	99.96	0.17	Neural Network (Specific Model)	11	0.874	132906	331.98834262544347	2244358	0.6	1973	None
AH1_2nd_20:bin_000014.fa	100.0	5.12	Neural Network (Specific Model)	11	0.884	6978	275.29714285714283	5058331	0.52	5425	None
AH1_2nd_20:bin_000054.fa	100.0	7.84	Neural Network (Specific Model)	11	0.9	10430	278.88638334778835	4276931	0.38	4612	None
AH1_2nd_20:bin_000061.fa	92.58	6.02	Neural Network (Specific Model)	11	0.855	26557	299.7629648368328	4153944	0.4	3953	None
AH1_2nd_20:bin_000070.fa	80.64	10.26	Gradient Boost (General Model)	11	0.881	14817	296.1830917874396	4165413	0.52	4140	None
AH1_2nd_20:bin_000095.fa	54.33	5.81	Gradient Boost (General Model)	11	0.913	3338	261.97695990424893	2871276	0.5	3342	None
AH1_2nd_2:bin_000017.fa	94.25	1.85	Gradient Boost (General Model)	11	0.901	30664	311.54945904173104	4021360	0.47	3882	None
AH1_2nd_5:bin_000051.fa	94.91	2.09	Neural Network (Specific Model)	11	0.876	73621	371.6295673076923	5290266	0.48	4160	None
AH1_2nd_5:bin_000073.fa	81.9	1.04	Neural Network (Specific Model)	11	0.91	36689	381.54825271927797	5426556	0.43	4321	None
AH1_2nd_6:bin_000001.fa	98.71	0.1	Neural Network (Specific Model)	11	0.915	208820	338.4926253687316	3381883	0.36	3051	None
AH1_2nd_6:bin_000002.fa	99.57	0.17	Neural Network (Specific Model)	11	0.896	202806	372.7951612903226	3867925	0.43	3100	None
AH1_2nd_6:bin_000006.fa	99.75	0.57	Neural Network (Specific Model)	11	0.887	73637	322.9116952155936	3690498	0.45	3386	None
AH1_2nd_6:bin_000017.fa	100.0	2.81	Gradient Boost (General Model)	11	0.861	20660	285.23111684958036	1537316	0.41	1549	None
AH1_2nd_6:bin_000030.fa	97.28	0.45	Gradient Boost (General Model)	11	0.891	53065	293.3926530612245	1207073	0.35	1225	None
AH1_2nd_6:bin_000035.fa	93.37	4.08	Gradient Boost (General Model)	11	0.914	63200	294.18809005083517	1326304	0.28	1377	None
AH1_2nd_6:bin_000043.fa	89.78	3.07	Gradient Boost (General Model)	11	0.904	11014	294.3763440860215	1178978	0.4	1209	None
AH1_2nd_6:bin_000046.fa	95.51	0.0	Neural Network (Specific Model)	11	0.897	58170	357.5711346266902	4060997	0.47	3402	None
AH1_2nd_6:bin_000070.fa	79.56	12.88	Gradient Boost (General Model)	11	0.891	3140	253.49954237598388	4653472	0.56	5463	None
AH1_2nd_7:bin_000003.fa	100.0	0.04	Neural Network (Specific Model)	11	0.859	260071	316.5301844605925	3949883	0.38	3578	None
AH1_2nd_7:bin_000006.fa	100.0	2.39	Gradient Boost (General Model)	11	0.9	79778	329.27865961199296	4970285	0.43	4536	None
AH1_2nd_7:bin_000027.fa	94.62	2.51	Gradient Boost (General Model)	11	0.891	35027	316.9211627906977	4580775	0.47	4300	None
AH1_2nd_8:bin_000022.fa	99.47	2.79	Neural Network (Specific Model)	11	0.895	17262	301.8701936187619	3703844	0.39	3667	None
AH1_2nd_8:bin_000042.fa	75.75	0.43	Neural Network (Specific Model)	11	0.948	3450	260.44921677614957	1627365	0.27	1979	None
AH1_2nd_9:bin_000006.fa	92.69	0.57	Neural Network (Specific Model)	11	0.897	31012	294.63510338345867	4186316	0.63	4256	None
AH1_2nd_9:bin_000039.fa	87.78	2.65	Neural Network (Specific Model)	11	0.877	13250	297.55401202571016	4901950	0.52	4823	None
AH1_2nd_9:bin_000047.fa	90.01	1.9	Neural Network (Specific Model)	11	0.914	24416	377.1921951219512	5070669	0.43	4100	None
AH1_2nd_9:bin_000061.fa	72.81	6.01	Neural Network (Specific Model)	11	0.894	20839	314.49984222152096	3338181	0.57	3169	None
LI1_2nd_10:bin_000018.fa	91.8	0.2	Neural Network (Specific Model)	11	0.902	135578	383.50883173225907	4114273	0.42	3227	None
LI1_2nd_10:bin_000026.fa	83.12	1.92	Neural Network (Specific Model)	11	0.879	7175	272.7287278854254	4412484	0.55	4748	None
LI1_2nd_1:bin_000010.fa	97.71	2.55	Neural Network (Specific Model)	11	0.911	46884	292.1639839034205	1909114	0.36	1988	None
LI1_2nd_1:bin_000014.fa	99.98	0.8	Neural Network (Specific Model)	11	0.861	51001	317.4576820996756	3744023	0.58	3391	None
LI1_2nd_1:bin_000032.fa	99.99	2.37	Neural Network (Specific Model)	11	0.894	141753	376.81676860346585	4952792	0.46	3924	None
LI1_2nd_1:bin_000055.fa	94.89	2.61	Neural Network (Specific Model)	11	0.894	99384	319.5528970208773	4565039	0.55	4263	None
LI1_2nd_1:bin_000075.fa	54.64	1.63	Gradient Boost (General Model)	11	0.892	6623	287.11843460350156	2808372	0.5	2913	None
LI1_2nd_2:bin_000001.fa	99.63	0.48	Neural Network (Specific Model)	11	0.861	87071	295.0418891170431	2499098	0.36	2435	None
LI1_2nd_2:bin_000002.fa	94.67	2.65	Gradient Boost (General Model)	11	0.887	17347	295.5231904427266	2840729	0.53	2846	None
LI1_2nd_2:bin_000009.fa	99.51	0.0	Gradient Boost (General Model)	11	0.892	243498	305.5085085085085	1023960	0.31	999	None
LI1_2nd_2:bin_000019.fa	91.86	0.74	Gradient Boost (General Model)	11	0.881	38033	312.95870736086175	5331756	0.45	5013	None
LI1_2nd_2:bin_000039.fa	82.46	4.94	Gradient Boost (General Model)	11	0.863	8501	260.91915836101884	1634731	0.3	1806	None
LI1_2nd_2:bin_000048.fa	86.9	4.89	Gradient Boost (General Model)	11	0.889	10104	268.7340395075866	3159306	0.31	3493	None
LI1_2nd_3:bin_000049.fa	69.61	4.34	Neural Network (Specific Model)	11	0.872	4475	248.3895114298521	3808377	0.4	4462	None
LI1_2nd_3:bin_000050.fa	68.81	6.61	Gradient Boost (General Model)	11	0.863	9791	286.5698170731707	3260185	0.3	3280	None
LI1_2nd_4:bin_000003.fa	99.92	0.45	Gradient Boost (General Model)	11	0.904	76493	298.4153282614821	3507993	0.35	3549	None
LI1_2nd_4:bin_000026.fa	99.38	3.28	Neural Network (Specific Model)	11	0.884	59387	362.7714359504132	4761273	0.44	3872	None
LI1_2nd_4:bin_000034.fa	89.5	8.11	Neural Network (Specific Model)	11	0.91	74788	383.6751279024006	6419774	0.43	5082	None
LI1_2nd_4:bin_000052.fa	99.08	1.72	Gradient Boost (General Model)	11	0.893	13384	308.8236142592211	5024759	0.48	4853	None
LI1_2nd_5:bin_000013.fa	94.19	0.01	Gradient Boost (General Model)	11	0.915	147327	367.8114441416894	2207260	0.47	1835	None
LI1_2nd_5:bin_000069.fa	71.99	2.94	Gradient Boost (General Model)	11	0.901	5178	258.52657480314963	872370	0.35	1016	None
LI1_2nd_5:bin_000074.fa	73.49	14.35	Neural Network (Specific Model)	11	0.877	2651	242.07479348068765	3703829	0.44	4479	None
LI1_2nd_7:bin_000008.fa	97.94	2.36	Neural Network (Specific Model)	11	0.903	64913	293.81838481577967	2618172	0.3	2687	None
LI1_2nd_7:bin_000040.fa	90.0	2.31	Neural Network (Specific Model)	11	0.906	35854	329.7071311921611	4003981	0.5	3674	None
LI1_2nd_7:bin_000042.fa	94.83	0.11	Neural Network (Specific Model)	11	0.881	53760	366.3449074074074	3765303	0.46	3024	None
LI1_2nd_7:bin_000070.fa	84.75	3.38	Gradient Boost (General Model)	11	0.91	4113	255.6825284090909	1184594	0.38	1408	None
LI1_2nd_7:bin_000078.fa	73.54	2.35	Neural Network (Specific Model)	11	0.898	6745	289.6665576985943	2955642	0.51	3059	None
LI1_2nd_8:bin_000013.fa	100.0	0.18	Neural Network (Specific Model)	11	0.879	150361	346.819917633845	3156827	0.58	2671	None
LI1_2nd_8:bin_000038.fa	88.94	1.56	Gradient Boost (General Model)	11	0.894	21304	328.4323830409357	3009962	0.42	2736	None
LI1_2nd_8:bin_000048.fa	94.29	3.41	Gradient Boost (General Model)	11	0.889	17494	317.8272433507333	4306123	0.5	4023	None
LI1_2nd_8:bin_000053.fa	89.39	10.25	Gradient Boost (General Model)	11	0.922	3246	263.7865666553017	2512408	0.62	2933	None
LI1_2nd_8:bin_000079.fa	86.68	2.66	Neural Network (Specific Model)	11	0.891	11873	290.4773082942097	4365567	0.54	4473	None
LI1_2nd_9:bin_000007.fa	99.79	0.25	Gradient Boost (General Model)	11	0.881	83821	295.9899497487437	2002619	0.39	1990	None
